Time,LAFmx,LAFmn,LAeq,LCpk
12:34:44,71.9,0.0,57.3,94.9 
12:34:54,70.7,0.0,59.2,91.9 
12:35:04,52.7,0.0,0.0,0.0 
12:35:14,52.9,0.0,0.0,83.0 
12:35:24,68.2,0.0,55.6,89.9 
12:35:34,85.0,0.0,68.0,112.6 
12:35:44,69.2,0.0,59.8,89.9 
12:35:54,79.6,0.0,62.7,104.3 
12:36:04,64.0,0.0,55.1,85.2 
12:36:14,76.3,0.0,59.7,99.8 
12:36:24,71.4,51.6,56.4,89.6 
12:36:34,68.1,0.0,56.2,94.9 
12:36:44,65.0,49.0,55.6,86.5 
12:36:54,80.8,0.0,67.2,102.7 
12:37:04,84.0,0.0,71.6,97.5 
12:37:14,87.9,50.0,74.3,95.4 
12:37:24,65.1,50.1,57.6,85.7 
12:37:34,63.5,0.0,53.9,0.0 
12:37:44,63.3,0.0,55.3,0.0 
12:37:54,63.3,0.0,51.8,93.7 
12:38:04,71.4,50.4,61.9,90.7 
12:38:14,75.7,55.5,63.9,94.1 
12:38:24,76.8,56.3,63.9,100.8 
12:38:34,63.3,56.7,58.3,92.8 
12:38:44,74.4,49.8,65.5,97.1 
12:38:54,81.8,0.0,67.1,106.8 
12:39:04,80.4,53.9,68.3,103.7 
12:39:14,81.2,49.7,66.4,103.7 
12:39:24,70.8,49.0,58.6,97.6 
12:39:34,78.1,0.0,61.6,94.4 
12:39:44,60.6,0.0,52.2,91.5 
12:39:54,60.2,0.0,53.1,90.7 
12:40:04,79.7,0.0,66.0,110.4 
12:40:14,64.4,0.0,55.3,88.1 
12:40:24,65.3,0.0,55.5,93.9 
12:40:34,69.4,0.0,60.1,88.4 
12:40:44,87.1,0.0,71.4,110.0 
12:40:54,94.1,0.0,79.8,119.2 
12:41:04,63.2,0.0,50.4,0.0 
12:41:14,67.1,0.0,59.0,0.0 
12:41:24,83.0,0.0,69.1,99.3 
12:41:34,55.9,0.0,0.0,0.0 
12:41:44,54.1,0.0,0.0,0.0 
12:41:54,84.3,0.0,70.2,99.7 
12:42:04,60.0,0.0,50.9,0.0 
12:42:14,70.3,0.0,54.2,85.7 
12:42:24,50.7,0.0,0.0,0.0 
12:42:34,69.7,0.0,54.3,91.1 
12:42:44,72.1,0.0,57.2,90.3 
12:42:54,96.8,0.0,80.0,122.1 
12:43:04,91.6,0.0,54.7,95.3 
12:43:14,102.3,0.0,83.9,126.4 
12:43:24,89.5,49.7,73.5,118.5 
12:43:34,65.0,0.0,56.9,92.0 
12:43:44,63.2,0.0,54.2,87.8 
12:43:54,92.7,0.0,77.0,119.1 
12:44:04,66.0,0.0,57.1,84.8 
12:44:14,58.3,0.0,0.0,0.0 
12:44:24,57.0,0.0,0.0,0.0 
12:44:34,59.6,0.0,0.0,0.0 
12:44:44,54.2,0.0,0.0,0.0 
12:44:54,55.8,0.0,0.0,83.8 
12:45:04,60.9,0.0,0.0,0.0 
12:45:14,60.7,0.0,50.9,86.7 
12:45:24,58.3,0.0,0.0,0.0 
12:45:34,67.4,0.0,56.9,87.5 
12:45:44,58.3,0.0,0.0,0.0 
12:45:54,79.9,0.0,65.3,97.1 
12:46:04,75.0,51.1,62.3,102.2 
12:46:14,75.9,52.1,66.0,100.9 
12:46:24,78.5,0.0,61.9,105.5 
12:46:34,62.7,0.0,53.7,87.8 
12:46:44,81.0,0.0,65.4,104.3 
12:46:54,71.4,0.0,58.1,102.5 
12:47:04,75.9,0.0,65.4,107.7 
12:47:14,82.5,0.0,73.7,113.3 
12:47:24,92.1,0.0,82.6,118.0 
12:47:34,96.6,76.4,88.8,121.8 
12:47:44,95.4,76.3,90.2,120.5 
12:47:54,98.3,70.7,93.0,126.0 
12:48:04,101.4,93.1,97.1,126.2 
12:48:14,104.4,89.1,100.0,126.2 
12:48:24,100.5,62.5,89.1,123.0 
12:48:34,101.6,58.1,92.8,125.2 
12:48:44,106.9,91.3,100.6,126.2 
12:48:54,110.7,99.2,106.5,126.2 
12:49:04,110.5,102.5,107.0,126.2 
12:49:14,111.7,105.3,108.7,126.2 
12:49:24,109.4,99.7,105.0,126.2 
12:49:34,107.7,95.3,102.9,126.2 
12:49:44,106.8,95.2,102.4,126.2 
12:49:54,107.0,89.2,101.0,126.3 
12:50:04,109.1,100.3,105.4,126.3 
12:50:14,108.0,95.0,104.8,126.3 
12:50:24,107.4,94.4,102.8,126.3 
12:50:34,109.2,95.9,104.7,126.3 
12:50:44,97.6,61.0,85.5,122.4 
12:50:54,68.9,60.4,63.6,93.2 
12:51:04,75.1,60.1,68.2,92.4 
12:51:14,97.6,62.7,90.9,123.4 
12:51:24,102.8,89.6,95.7,125.7 
12:51:34,102.1,85.2,94.8,126.3 
12:51:44,110.0,83.1,102.6,126.3 
12:51:54,110.7,102.1,107.1,126.3 
12:52:04,108.4,98.7,103.5,126.2 
12:52:14,105.2,69.7,97.7,126.2 
12:52:24,88.0,61.9,75.9,115.7 
12:52:34,106.3,85.4,98.5,126.2 
12:52:44,103.8,91.6,98.4,126.2 
12:52:54,110.8,89.9,103.1,126.2 
12:53:04,109.9,92.9,104.4,126.2 
12:53:14,100.6,88.2,95.1,125.7 
12:53:24,107.1,88.2,101.3,126.2 
12:53:34,104.7,75.4,95.5,126.2 
12:53:44,90.6,69.1,82.8,118.5 
12:53:54,86.9,72.5,80.0,114.5 
12:54:04,81.0,79.6,80.2,102.7 
12:54:14,92.8,78.3,83.5,119.6 
12:54:24,102.5,84.5,94.6,126.2 
12:54:34,101.6,82.0,94.3,126.2 
12:54:44,107.7,74.3,99.2,126.2 
12:54:54,95.8,68.3,86.3,121.6 
12:55:04,101.6,83.9,94.9,126.1 
12:55:14,104.6,86.6,99.7,126.1 
12:55:24,104.7,87.7,97.5,126.1 
12:55:34,99.9,81.3,95.3,126.1 
12:55:44,103.1,87.8,96.7,126.1 
12:55:54,92.8,64.4,80.3,118.5 
12:56:04,75.7,64.0,70.2,98.9 
12:56:14,78.0,63.2,69.3,94.7 
12:56:24,82.2,63.3,72.4,110.0 
12:56:34,101.4,78.7,94.8,125.7 
12:56:44,99.9,87.6,95.1,125.0 
12:56:54,100.2,88.7,95.8,125.4 
12:57:04,97.5,78.2,90.8,121.9 
12:57:14,94.7,73.6,85.9,122.7 
12:57:24,94.3,80.5,88.7,124.8 
12:57:34,93.4,76.3,85.1,119.5 
12:57:44,100.1,70.2,88.7,123.5 
12:57:54,97.0,72.8,89.2,123.1 
12:58:04,107.8,79.9,97.5,126.2 
12:58:14,101.8,84.4,91.7,126.2 
12:58:24,104.9,89.0,98.7,126.2 
12:58:34,94.5,76.3,84.0,117.8 
12:58:44,91.4,75.1,82.9,119.2 
12:58:54,80.3,75.6,78.0,98.3 
12:59:04,85.8,79.5,82.5,105.6 
12:59:14,85.4,72.1,77.9,115.9 
12:59:24,85.2,71.8,78.3,114.7 
12:59:34,84.8,69.3,78.2,115.9 
12:59:44,85.8,71.9,80.4,115.5 
12:59:54,83.4,66.0,75.3,110.2 
13:00:04,84.3,71.6,77.1,111.6 
13:00:14,90.8,77.3,85.2,117.9 
13:00:24,87.1,75.6,81.7,113.9 
13:00:34,90.6,75.8,84.8,119.0 
13:00:44,90.2,73.2,83.7,118.3 
13:00:54,91.6,81.6,87.1,119.9 
13:01:04,89.6,75.3,84.1,117.5 
13:01:14,81.4,68.3,74.0,107.2 
13:01:24,74.3,68.4,70.4,98.1 
13:01:34,84.0,68.4,76.1,111.2 
13:01:44,94.0,75.7,87.5,119.8 
13:01:54,94.6,83.1,90.3,121.2 
13:02:04,87.3,71.2,80.6,116.1 
13:02:14,78.2,65.5,74.3,106.3 
13:02:24,81.5,63.8,75.1,111.8 
13:02:34,80.2,69.3,74.9,111.9 
13:02:44,82.6,71.2,76.8,108.1 
13:02:54,78.5,61.4,68.0,105.5 
13:03:04,86.2,62.7,79.8,106.9 
13:03:14,86.6,63.5,77.6,111.4 
13:03:24,84.8,68.7,75.8,110.4 
13:03:34,85.8,65.7,78.9,112.1 
13:03:44,96.7,77.0,90.0,124.9 
13:03:54,99.1,81.8,92.7,123.2 
13:04:04,94.8,67.0,86.5,121.2 
13:04:14,95.4,81.4,89.1,124.9 
13:04:24,96.8,75.6,88.9,123.6 
13:04:34,93.4,77.1,85.9,119.5 
13:04:44,90.0,78.2,85.4,116.3 
13:04:54,98.4,72.2,89.5,125.9 
13:05:04,92.6,55.0,76.1,112.1 
13:05:14,86.5,62.4,79.3,116.3 
13:05:24,96.2,73.3,89.3,121.3 
13:05:34,96.1,69.0,87.2,121.8 
13:05:44,88.1,74.1,83.4,117.0 
13:05:54,91.5,81.7,87.1,118.8 
13:06:04,88.3,75.0,81.7,117.0 
13:06:14,88.6,77.1,82.4,112.8 
13:06:24,90.3,72.2,79.8,119.0 
13:06:34,82.8,72.3,77.7,109.8 
13:06:44,88.7,70.3,78.6,117.2 
13:06:54,71.4,66.7,68.5,99.4 
13:07:04,72.4,68.0,70.1,91.0 
13:07:14,73.4,67.4,70.6,92.8 
13:07:24,73.6,68.7,71.5,93.0 
13:07:34,79.6,67.1,72.8,105.4 
13:07:44,87.7,67.4,79.3,112.8 
13:07:54,86.1,65.5,75.2,111.5 
13:08:04,86.0,72.0,78.6,106.4 
13:08:14,88.1,66.1,83.9,117.5 
13:08:24,76.6,64.7,72.7,100.8 
13:08:34,70.1,65.3,67.1,93.4 
13:08:44,71.7,66.2,68.5,92.6 
13:08:54,68.5,65.7,67.3,92.0 
13:09:04,70.0,65.9,67.9,92.8 
13:09:14,88.2,66.9,78.3,115.3 
13:09:24,89.2,78.4,84.5,116.6 
13:09:34,82.7,66.2,73.7,113.7 
13:09:44,74.4,66.1,67.5,101.5 
13:09:54,71.6,66.2,69.0,101.7 
13:10:04,83.6,66.0,74.1,111.5 
13:10:14,93.3,78.3,87.4,119.6 
13:10:24,90.7,66.4,83.3,116.9 
13:10:34,80.1,64.2,73.8,107.6 
13:10:44,70.0,63.2,65.7,101.1 
13:10:54,73.6,64.0,67.5,103.3 
13:11:04,67.1,64.4,65.7,95.8 
13:11:14,71.5,64.5,66.3,97.4 
13:11:24,88.5,68.7,81.7,113.5 
13:11:34,81.1,65.4,70.8,108.8 
13:11:44,90.2,67.9,82.0,118.7 
13:11:54,94.8,68.4,80.8,118.7 
13:12:04,93.0,70.4,78.2,115.4 
13:12:14,72.9,66.2,68.1,105.6 
13:12:24,80.0,70.5,75.9,103.6 
13:12:34,79.6,71.7,75.7,108.8 
13:12:44,75.2,66.4,69.4,107.4 
13:12:54,75.7,66.4,70.1,103.5 
13:13:04,76.1,67.4,72.8,105.7 
13:13:14,86.9,67.0,79.1,114.9 
13:13:24,74.6,68.1,70.8,103.4 
13:13:34,75.0,69.1,70.9,97.4 
13:13:44,84.5,71.2,76.4,110.2 
13:13:54,83.7,73.5,77.1,106.9 
13:14:04,91.9,75.1,85.0,118.6 
13:14:14,86.9,72.0,80.3,119.6 
13:14:24,84.2,73.3,78.8,107.2 
13:14:34,88.7,77.5,82.0,108.8 
13:14:44,90.9,79.6,85.5,114.7 
13:14:54,90.5,73.1,82.3,107.2 
13:15:04,85.4,73.9,79.8,108.5 
13:15:14,85.5,76.9,81.4,113.5 
13:15:24,93.0,79.0,85.5,123.1 
13:15:34,91.1,71.7,84.0,117.7 
13:15:44,90.4,73.0,84.7,117.9 
13:15:54,88.9,70.8,83.2,113.5 
13:16:04,90.8,75.0,85.2,117.0 
13:16:14,86.9,73.0,81.2,113.2 
13:16:24,99.9,73.9,89.1,121.2 
13:16:34,93.2,78.2,86.6,118.8 
13:16:44,90.0,72.6,83.8,118.2 
13:16:54,93.0,78.5,86.4,115.5 
13:17:04,80.9,71.2,76.2,106.6 
13:17:14,86.2,69.7,80.0,116.7 
13:17:24,87.0,66.4,79.0,111.0 
13:17:34,87.4,69.1,78.6,112.3 
13:17:44,86.9,73.9,81.2,115.8 
13:17:54,85.2,74.1,80.0,111.9 
13:18:04,81.1,68.3,77.1,110.8 
13:18:14,79.3,65.4,72.5,104.6 
13:18:24,89.6,73.2,82.8,115.4 
13:18:34,96.6,76.8,87.8,120.2 
13:18:44,99.9,64.8,88.0,126.1 
13:18:54,72.9,62.7,67.5,98.7 
13:19:04,86.4,69.0,80.6,112.5 
13:19:14,72.9,67.7,69.8,94.9 
13:19:24,80.7,67.1,74.5,105.1 
13:19:34,70.3,66.2,68.2,92.5 
13:19:44,70.2,64.0,67.3,88.1 
13:19:54,84.4,62.7,76.5,114.0 
13:20:04,83.6,71.6,77.9,109.6 
13:20:14,89.1,74.3,82.9,113.4 
13:20:24,87.7,70.2,79.3,112.6 
13:20:34,83.1,63.2,76.8,110.3 
13:20:44,85.9,66.2,78.8,112.5 
13:20:54,88.6,62.0,80.5,114.2 
13:21:04,82.0,63.1,75.9,108.2 
13:21:14,88.2,74.1,81.5,115.4 
13:21:24,85.7,67.2,76.2,114.0 
13:21:34,73.2,63.3,69.4,99.8 
13:21:44,85.3,70.5,79.8,113.5 
13:21:54,83.1,69.7,78.0,112.8 
13:22:04,87.9,73.9,82.2,114.1 
13:22:14,87.1,71.7,81.5,115.3 
13:22:24,84.7,72.0,80.1,113.4 
13:22:34,95.4,66.6,86.2,119.7 
13:22:44,73.4,62.7,66.9,104.8 
13:22:54,88.1,61.3,74.1,118.0 
13:23:04,73.3,60.7,66.9,101.1 
13:23:14,83.6,61.4,74.9,111.8 
13:23:24,84.4,67.0,74.7,112.5 
13:23:34,89.9,74.3,83.6,115.0 
13:23:44,88.5,72.7,82.5,114.7 
13:23:54,78.7,61.8,71.2,107.9 
13:24:04,77.0,58.4,70.1,103.7 
13:24:14,78.0,59.0,68.5,104.9 
13:24:24,82.4,66.1,77.0,112.0 
13:24:34,84.6,67.3,78.9,112.0 
13:24:44,86.4,68.9,78.7,113.1 
13:24:54,86.5,71.3,81.2,113.7 
13:25:04,89.6,71.4,82.6,116.2 
13:25:14,92.0,75.3,84.6,122.4 
13:25:24,85.2,70.5,81.1,113.4 
13:25:34,81.6,65.4,76.5,110.9 
13:25:44,88.8,67.7,82.2,115.8 
13:25:54,84.6,62.4,76.7,112.0 
13:26:04,88.9,64.6,82.7,113.4 
13:26:14,84.7,72.2,80.5,110.7 
13:26:24,74.2,64.2,70.0,102.8 
13:26:34,77.3,66.9,70.7,93.9 
13:26:44,69.8,63.4,65.8,89.0 
13:26:54,72.6,62.9,66.3,98.5 
13:27:04,85.7,67.2,80.3,113.7 
13:27:14,79.6,62.8,73.0,101.7 
13:27:24,66.1,61.0,63.0,97.6 
13:27:34,76.8,64.6,71.9,107.6 
13:27:44,77.6,61.4,72.0,107.4 
13:27:54,78.9,59.1,70.0,105.1 
13:28:04,84.5,56.5,78.3,110.2 
13:28:14,85.3,62.8,75.7,113.2 
13:28:24,82.9,65.4,77.4,113.6 
13:28:34,83.9,60.9,76.1,112.4 
13:28:44,81.4,61.6,75.2,110.6 
13:28:54,78.4,56.0,68.6,104.6 
13:29:04,81.0,57.8,75.5,109.6 
13:29:14,81.2,64.5,74.0,112.0 
13:29:24,83.5,64.9,76.1,112.0 
13:29:34,81.9,57.1,69.5,111.6 
13:29:44,74.0,57.0,66.6,103.6 
13:29:54,83.8,62.6,77.6,109.2 
13:30:04,93.4,82.2,88.4,121.2 
13:30:14,86.0,69.2,81.6,114.4 
13:30:24,82.7,60.5,74.8,100.8 
13:30:34,74.6,63.6,67.2,104.1 
13:30:44,74.2,60.5,66.5,107.6 
13:30:54,71.1,59.9,65.2,99.0 
13:31:04,74.7,59.8,66.0,94.3 
13:31:14,78.3,62.5,69.4,97.4 
13:31:24,81.5,71.1,76.6,101.5 
13:31:34,77.6,66.6,70.9,103.3 
13:31:44,79.7,67.8,73.2,112.5 
13:31:54,82.2,72.9,76.0,104.5 
13:32:04,77.4,73.3,74.8,97.7 
13:32:14,82.0,73.4,75.8,101.3 
13:32:24,77.5,73.6,75.2,102.5 
13:32:34,77.2,68.6,72.9,99.7 
13:32:44,76.7,65.2,70.3,100.5 
13:32:54,77.0,66.9,71.5,103.2 
13:33:04,80.7,64.9,74.3,101.5 
13:33:14,83.6,68.2,74.0,96.0 
13:33:24,79.2,67.9,72.5,96.3 
13:33:34,71.4,67.4,69.1,95.7 
13:33:44,78.5,65.9,72.9,99.1 
13:33:54,79.8,65.4,68.7,98.2 
13:34:04,71.9,64.9,67.8,91.2 
13:34:14,84.4,66.7,76.6,113.0 
13:34:24,75.0,65.8,69.3,106.3 
13:34:34,74.5,64.7,67.6,98.8 
13:34:44,73.0,62.4,66.2,100.5 
13:34:54,76.3,64.1,67.9,95.9 
13:35:04,79.4,64.1,69.6,107.0 
13:35:14,83.1,63.4,72.7,110.0 
13:35:24,72.6,62.0,66.4,99.7 
13:35:34,77.6,63.8,71.0,101.3 
13:35:44,80.8,63.2,75.9,113.5 
13:35:54,84.3,65.8,78.4,113.5 
13:36:04,82.7,62.6,76.3,110.4 
13:36:14,74.7,65.2,68.8,100.0 
13:36:24,73.2,64.8,67.5,100.0 
13:36:34,74.3,65.2,70.1,101.2 
13:36:44,79.1,69.2,74.3,110.8 
13:36:54,80.4,70.6,75.0,107.0 
13:37:04,86.8,76.9,82.4,110.4 
13:37:14,94.5,83.6,90.7,114.9 
13:37:24,97.7,85.0,93.4,115.6 
13:37:34,95.3,80.9,90.0,109.8 
13:37:44,93.8,81.0,85.9,107.6 
13:37:54,84.0,75.3,80.3,102.3 
13:38:04,78.6,71.1,74.3,98.4 
13:38:14,85.2,71.2,78.8,101.0 
13:38:24,78.2,70.0,73.4,99.5 
13:38:34,79.4,69.3,73.5,97.5 
13:38:44,82.7,72.2,78.1,98.2 
13:38:54,83.4,73.0,79.2,102.3 
13:39:04,93.7,78.9,86.6,108.3 
13:39:14,93.2,73.1,84.6,106.6 
13:39:24,79.4,70.4,75.1,103.3 
13:39:34,87.0,71.0,77.7,104.6 
13:39:44,83.7,71.3,75.1,98.9 
13:39:54,81.4,72.7,76.5,107.2 
13:40:04,78.2,67.5,72.6,108.0 
13:40:14,74.3,64.5,68.0,93.7 
13:40:24,75.0,62.3,66.3,97.3 
13:40:34,72.9,61.2,64.6,95.3 
13:40:44,68.8,62.9,65.0,94.2 
13:40:54,70.8,66.2,68.3,95.4 
13:41:04,71.5,63.7,66.8,92.8 
13:41:14,70.8,63.0,66.4,91.6 
13:41:24,70.0,63.6,66.3,91.1 
13:41:34,70.9,63.2,66.6,93.2 
13:41:44,70.3,63.3,67.1,92.2 
13:41:54,70.4,64.0,67.9,92.6 
13:42:04,69.7,62.8,66.4,89.4 
13:42:14,72.1,62.7,66.2,90.7 
13:42:24,68.9,63.3,66.2,91.4 
13:42:34,83.3,63.9,71.9,101.5 
13:42:44,77.5,62.2,70.3,95.0 
13:42:54,72.1,62.7,67.1,92.0 
13:43:04,73.5,62.9,68.7,92.5 
13:43:14,75.3,65.9,69.1,97.9 
13:43:24,76.0,65.8,69.6,99.1 
13:43:34,79.5,63.1,70.1,96.6 
13:43:44,74.8,63.3,68.4,92.1 
13:43:54,70.9,60.2,63.2,90.4 
13:44:04,77.4,59.9,67.8,92.0 
13:44:14,78.2,61.7,70.4,92.6 
13:44:24,83.1,61.5,68.5,104.4 
13:44:34,79.3,63.0,67.4,104.8 
13:44:44,80.1,62.9,68.2,102.5 
13:44:54,71.7,62.1,66.3,100.8 
13:45:04,75.6,65.5,68.9,106.2 
13:45:14,103.5,64.8,85.7,125.8 
13:45:24,84.1,64.4,74.9,111.6 
13:45:34,71.5,61.5,65.4,97.3 
13:45:44,74.2,60.2,66.1,103.3 
13:45:54,71.4,59.8,63.2,101.8 
13:46:04,72.2,61.5,66.3,99.7 
13:46:14,73.9,63.7,69.8,93.0 
13:46:24,76.4,61.2,67.6,96.1 
13:46:34,79.2,60.3,66.7,93.0 
13:46:44,71.6,59.7,64.8,92.6 
13:46:54,81.0,60.3,71.9,112.4 
13:47:04,82.1,64.2,75.5,110.0 
13:47:14,70.4,58.1,63.6,100.5 
13:47:24,76.8,55.2,67.2,105.4 
13:47:34,75.9,56.1,65.7,107.9 
13:47:44,74.6,57.0,61.9,101.0 
13:47:54,69.6,57.1,61.6,98.1 
13:48:04,73.8,58.0,64.4,99.6 
13:48:14,76.0,57.0,68.2,103.9 
13:48:24,82.3,63.8,74.9,109.1 
13:48:34,81.1,62.8,71.1,108.7 
13:48:44,87.3,64.7,79.5,115.7 
13:48:54,86.0,60.5,75.5,111.3 
13:49:04,77.6,62.6,69.8,107.4 
13:49:14,87.8,68.3,80.2,115.1 
13:49:24,87.8,66.1,78.5,113.7 
13:49:34,82.7,68.1,71.9,107.6 
13:49:44,80.8,68.7,73.5,107.1 
13:49:54,74.4,66.5,69.2,102.8 
13:50:04,76.2,66.2,70.0,100.8 
13:50:14,83.2,63.1,73.5,114.5 
13:50:24,86.4,66.1,75.2,113.6 
13:50:34,75.5,65.1,69.1,106.2 
13:50:44,74.4,69.2,70.7,98.5 
13:50:54,78.6,68.8,71.5,95.5 
13:51:04,74.6,70.2,71.6,96.9 
13:51:14,76.4,70.7,72.2,96.1 
13:51:24,82.1,71.9,76.7,111.7 
13:51:34,87.5,69.7,80.9,116.0 
13:51:44,89.8,73.6,83.8,117.7 
13:51:54,89.4,72.3,81.3,115.0 
13:52:04,85.1,70.1,77.4,110.6 
13:52:14,86.1,67.1,77.5,103.5 
13:52:24,82.5,68.9,77.6,110.9 
13:52:34,75.9,66.6,71.4,106.3 
13:52:44,91.6,69.5,83.4,117.0 
13:52:54,88.4,70.6,80.6,113.2 
13:53:04,90.5,77.7,85.7,118.7 
13:53:14,93.0,71.6,86.0,116.7 
13:53:24,84.5,64.9,75.5,112.2 
13:53:34,88.9,70.4,82.1,116.1 
13:53:44,88.8,61.0,79.0,116.8 
13:53:54,82.5,63.7,74.0,109.6 
13:54:04,78.8,70.1,73.8,105.2 
13:54:14,78.1,64.8,72.0,107.9 
13:54:24,84.1,63.4,74.0,112.8 
13:54:34,86.8,68.0,78.4,117.2 
13:54:44,81.0,70.8,75.9,110.1 
13:54:54,87.0,74.7,80.9,112.1 
13:55:04,90.7,73.2,83.5,117.3 
13:55:14,93.8,74.1,87.2,122.4 
13:55:24,92.0,72.4,86.0,120.3 
13:55:34,90.1,70.4,81.5,118.6 
13:55:44,92.8,70.7,84.8,124.3 
13:55:54,92.3,69.5,85.5,120.1 
13:56:04,91.3,67.1,83.8,116.7 
13:56:14,91.1,70.6,80.8,118.0 
13:56:24,77.1,70.0,72.5,102.8 
13:56:34,85.2,69.1,77.7,103.0 
13:56:44,77.4,68.0,71.0,101.3 
13:56:54,77.2,67.7,70.6,100.8 
13:57:04,78.3,71.0,74.5,99.3 
13:57:14,83.1,72.6,77.0,111.3 
13:57:24,89.8,72.0,82.5,118.4 
13:57:34,102.5,80.1,92.7,123.9 
13:57:44,95.7,78.9,86.5,122.6 
13:57:54,93.9,70.3,87.5,121.8 
13:58:04,88.3,70.4,81.6,113.0 
13:58:14,89.5,74.2,82.5,112.9 
13:58:24,86.4,74.3,81.3,112.5 
13:58:34,82.4,71.7,77.6,107.7 
13:58:44,78.5,66.1,74.5,108.5 
13:58:54,84.7,67.7,78.7,113.0 
13:59:04,85.5,74.3,80.2,113.2 
13:59:14,84.2,73.9,79.4,111.9 
13:59:24,87.6,74.1,82.6,114.5 
13:59:34,89.3,74.9,83.4,119.4 
13:59:44,88.6,72.5,82.0,115.4 
13:59:54,88.5,74.3,82.0,117.6 
14:00:04,92.8,76.4,84.6,119.9 
14:00:14,96.8,64.4,85.8,122.2 
14:00:24,80.5,60.9,69.3,105.8 
14:00:34,83.6,61.9,75.4,112.4 
14:00:44,86.2,68.8,79.0,112.1 
14:00:54,85.3,70.6,78.7,110.8 
14:01:04,82.8,66.6,75.7,109.8 
14:01:14,72.2,67.0,69.0,90.3 
14:01:24,68.7,66.9,67.7,89.2 
14:01:34,80.1,64.7,70.0,106.9 
14:01:44,90.4,76.2,85.2,117.3 
14:01:54,82.9,71.0,77.9,111.6 
14:02:04,77.6,60.8,68.2,103.6 
14:02:14,80.0,63.7,74.1,108.8 
14:02:24,86.3,70.9,81.3,114.2 
14:02:34,86.4,73.1,80.2,115.4 
14:02:44,84.8,67.7,75.1,112.9 
14:02:54,84.4,73.0,77.7,112.0 
14:03:04,84.2,72.1,77.8,112.3 
14:03:14,87.8,67.6,76.8,115.0 
14:03:24,73.9,67.8,70.6,102.2 
14:03:34,88.6,69.5,80.3,113.4 
14:03:44,90.3,76.2,83.8,121.5 
14:03:54,89.3,75.4,84.1,117.3 
14:04:04,86.9,67.1,80.3,113.9 
14:04:14,72.9,65.6,70.0,98.4 
14:04:24,73.9,66.7,69.6,99.3 
14:04:34,87.8,66.6,80.8,114.5 
14:04:44,92.5,77.7,86.4,117.9 
14:04:54,87.5,65.6,74.8,110.4 
14:05:04,85.0,67.5,73.0,114.4 
14:05:14,76.6,66.4,71.9,104.4 
14:05:24,91.2,72.1,85.6,120.0 
14:05:34,89.3,73.6,83.5,117.6 
14:05:44,81.2,68.6,74.1,109.1 
14:05:54,76.5,69.8,72.5,102.4 
14:06:04,94.4,70.7,86.6,119.8 
14:06:14,92.1,71.9,85.8,120.1 
14:06:24,96.4,83.2,90.2,120.7 
14:06:34,93.5,77.3,86.7,120.2 
14:06:44,94.2,79.9,89.2,121.9 
14:06:54,94.9,82.3,89.2,122.2 
14:07:04,90.8,74.9,85.2,117.9 
14:07:14,93.6,81.5,87.9,122.0 
14:07:24,92.8,79.4,87.6,120.1 
14:07:34,90.1,78.9,86.3,118.9 
14:07:44,94.5,80.5,87.3,121.7 
14:07:54,97.2,83.6,90.5,122.4 
14:08:04,91.9,68.2,84.0,120.0 
14:08:14,83.5,66.5,76.7,111.5 
14:08:24,90.2,78.8,85.2,117.4 
14:08:34,92.1,77.6,87.0,118.7 
14:08:44,89.8,74.1,83.4,116.9 
14:08:54,93.9,76.3,85.0,120.9 
14:09:04,90.9,73.8,82.1,118.2 
14:09:14,88.6,74.7,83.5,115.6 
14:09:24,87.0,73.0,80.4,115.6 
14:09:34,79.0,60.3,70.7,107.2 
14:09:44,83.2,64.4,73.6,111.9 
14:09:54,77.1,63.2,72.0,106.5 
14:10:04,75.1,59.1,69.0,101.7 
14:10:14,77.6,59.9,72.3,108.8 
14:10:24,80.7,61.2,75.2,110.6 
14:10:34,100.4,57.9,89.9,115.9 
14:10:44,77.4,64.7,73.3,99.7 
14:10:54,79.5,68.9,75.0,107.4 
14:11:04,75.9,62.8,72.4,101.0 
14:11:14,82.2,59.3,68.2,101.6 
14:11:24,69.2,56.4,61.0,85.4 
14:11:34,70.6,57.2,62.5,88.1 
14:11:44,74.0,62.2,69.0,88.8 
14:11:54,81.8,59.7,70.6,100.2 
14:12:04,95.8,63.2,82.2,121.6 
14:12:14,78.2,61.8,69.7,104.3 
14:12:24,80.6,61.6,72.4,108.4 
14:12:34,91.0,75.2,85.7,117.0 
14:12:44,96.1,84.3,89.9,122.1 
14:12:54,97.0,83.5,91.7,123.2 
14:13:04,93.7,79.9,86.8,116.9 
14:13:14,85.7,65.8,75.9,110.9 
14:13:24,73.0,61.0,65.2,101.1 
14:13:34,75.9,63.3,69.4,97.9 
14:13:44,71.7,64.3,67.2,92.8 
14:13:54,77.3,67.7,71.9,93.9 
14:14:04,75.8,61.8,69.7,91.8 
14:14:14,62.7,59.0,60.7,83.8 
14:14:24,68.5,59.7,61.8,95.5 
14:14:34,80.8,58.9,67.7,102.0 
14:14:44,68.5,57.1,60.0,96.8 
14:14:54,65.5,59.0,61.7,96.0 
14:15:04,74.2,59.5,69.0,97.8 
14:15:14,75.6,66.9,71.2,93.7 
14:15:24,76.2,58.6,69.8,96.8 
14:15:34,78.6,57.9,67.7,106.8 
14:15:44,83.6,59.3,70.1,106.1 
14:15:54,83.5,58.2,68.8,107.1 
14:16:04,68.5,58.9,63.6,99.2 
14:16:14,80.6,64.7,73.6,107.4 
14:16:24,83.9,63.9,75.8,109.2 
14:16:34,79.2,65.7,74.2,109.6 
14:16:44,78.2,59.2,70.8,107.9 
14:16:54,88.8,68.7,78.6,116.2 
14:17:04,87.0,73.3,81.8,114.2 
14:17:14,89.1,76.8,83.0,114.4 
14:17:24,91.2,76.6,83.6,116.0 
14:17:34,88.4,70.1,79.3,112.5 
14:17:44,88.2,71.2,80.9,116.4 
14:17:54,90.2,66.3,82.8,116.1 
14:18:04,77.1,58.3,68.8,106.1 
14:18:14,90.7,65.4,83.7,116.3 
14:18:24,85.4,66.8,78.1,112.5 
14:18:34,85.4,65.4,79.3,113.2 
14:18:44,87.3,64.0,78.7,113.7 
14:18:54,85.6,66.4,78.6,113.7 
14:19:04,84.4,60.8,75.3,112.1 
14:19:14,70.2,56.6,64.0,100.7 
14:19:24,79.2,66.0,73.4,101.8 
14:19:34,83.9,71.6,76.9,109.9 
14:19:44,92.2,71.6,85.4,118.8 
14:19:54,72.7,58.3,62.9,100.4 
14:20:04,80.9,63.7,71.3,110.0 
14:20:14,85.5,70.9,79.5,112.1 
14:20:24,84.3,71.7,78.7,111.7 
14:20:34,90.8,73.5,83.6,117.1 
14:20:44,90.1,67.4,80.7,118.0 
14:20:54,90.1,77.8,85.0,120.5 
14:21:04,87.8,79.2,84.4,112.4 
14:21:14,89.9,81.7,86.9,115.0 
14:21:24,88.3,76.5,82.2,115.3 
14:21:34,87.9,72.8,81.1,113.7 
14:21:44,91.4,70.7,84.6,118.3 
14:21:54,91.1,66.3,80.2,116.3 
14:22:04,88.7,72.1,82.0,117.9 
14:22:14,85.7,70.6,79.5,109.6 
14:22:24,90.7,66.2,83.9,111.5 
14:22:34,75.1,64.5,69.3,103.4 
14:22:44,74.4,63.4,67.9,107.0 
14:22:54,80.2,63.2,73.2,108.4 
14:23:04,78.8,66.6,72.8,108.1 
14:23:14,79.0,64.6,70.1,105.5 
14:23:24,80.9,62.1,68.6,110.0 
14:23:34,69.7,60.5,64.5,101.0 
14:23:44,91.1,60.3,80.5,118.1 
14:23:54,83.6,59.4,71.2,109.6 
14:24:04,76.8,58.2,68.6,104.8 
14:24:14,69.9,59.0,62.8,100.0 
14:24:24,83.6,61.8,73.1,113.5 
14:24:34,86.4,63.9,76.2,113.2 
14:24:44,85.5,65.5,78.9,113.5 
14:24:54,85.7,62.4,74.8,113.3 
14:25:04,70.5,60.4,64.2,101.8 
14:25:14,80.6,62.9,74.4,108.1 
14:25:24,87.8,61.9,77.1,114.1 
14:25:34,72.7,61.2,65.4,101.2 
14:25:44,72.2,58.9,66.9,92.1 
14:25:54,73.2,57.8,62.2,89.8 
14:26:04,66.0,58.2,61.5,90.1 
14:26:14,73.2,61.2,69.1,101.6 
14:26:24,77.9,56.6,65.8,107.3 
14:26:34,69.9,55.2,62.8,96.7 
14:26:44,82.3,54.9,71.5,107.3 
14:26:54,93.6,65.9,81.5,117.9 
14:27:04,93.3,71.6,85.7,118.6 
14:27:14,88.8,64.0,82.2,115.3 
14:27:24,86.0,64.1,78.4,113.5 
14:27:34,79.4,54.7,70.0,109.6 
14:27:44,72.0,59.2,66.0,101.1 
14:27:54,76.1,51.2,64.2,103.7 
14:28:04,70.6,0.0,62.5,100.2 
14:28:14,94.6,0.0,86.2,118.7 
14:28:24,94.9,81.6,89.5,121.0 
14:28:34,100.8,80.7,94.5,125.9 
14:28:44,99.6,78.5,91.1,125.7 
14:28:54,95.0,80.6,87.8,119.3 
14:29:04,90.3,63.0,82.0,117.9 
14:29:14,81.6,63.5,76.2,109.3 
14:29:24,90.4,72.6,86.0,117.4 
14:29:34,89.2,70.0,82.2,114.8 
14:29:44,80.7,57.7,72.3,111.4 
14:29:54,77.9,60.5,70.2,100.9 
14:30:04,87.4,62.5,79.6,115.2 
14:30:14,81.0,65.4,74.3,109.4 
14:30:24,81.8,49.7,71.5,109.2 
14:30:34,84.5,58.2,74.6,112.6 
14:30:44,75.6,57.9,69.9,104.8 
14:30:54,79.1,49.0,70.5,109.9 
14:31:04,84.1,51.2,75.2,113.5 
14:31:14,87.4,60.1,79.8,115.9 
14:31:24,88.8,68.8,80.2,117.7 
14:31:34,85.5,60.7,76.9,112.4 
14:31:44,85.0,57.5,75.0,111.4 
14:31:54,79.8,55.2,68.8,112.1 
14:32:04,80.7,65.9,73.9,108.4 
14:32:14,77.8,56.8,69.6,106.7 
14:32:24,96.3,53.7,85.3,123.0 
14:32:34,96.4,86.5,90.9,125.9 
14:32:44,93.2,79.7,85.1,121.4 
14:32:54,90.9,78.0,85.8,118.5 
14:33:04,91.9,76.1,86.1,120.4 
14:33:14,84.1,66.9,76.4,114.5 
14:33:24,72.3,67.8,70.1,98.6 
14:33:34,71.9,67.9,69.5,93.8 
14:33:44,73.2,67.1,70.0,93.3 
14:33:54,74.1,66.5,70.2,96.3 
14:34:04,80.4,63.0,70.5,101.8 
14:34:14,89.5,68.7,80.6,114.0 
14:34:24,91.0,75.6,85.0,117.0 
14:34:34,90.3,59.8,81.8,117.0 
14:34:44,95.1,67.2,89.0,122.5 
14:34:54,89.6,62.6,78.1,115.8 
14:35:04,91.0,66.2,84.7,119.3 
14:35:14,90.8,73.0,84.5,116.3 
14:35:24,92.3,82.3,87.2,117.9 
14:35:34,90.0,69.4,83.7,116.1 
14:35:44,89.1,72.3,82.0,115.8 
14:35:54,93.7,75.4,88.0,123.4 
14:36:04,99.4,82.9,94.0,124.6 
14:36:14,96.1,79.1,88.9,121.0 
14:36:24,96.4,85.8,91.9,122.6 
14:36:34,97.7,85.6,92.3,123.5 
14:36:44,93.5,79.2,88.6,118.4 
14:36:54,90.6,72.4,84.3,116.8 
14:37:04,88.5,65.2,83.0,117.6 
14:37:14,91.6,66.7,84.2,117.8 
14:37:24,89.5,69.4,81.1,119.3 
14:37:34,78.0,59.4,69.7,104.8 
14:37:44,82.1,61.0,75.9,112.6 
14:37:54,84.7,57.5,74.6,109.4 
14:38:04,85.8,62.3,75.9,112.1 
14:38:14,74.1,53.7,68.2,103.0 
14:38:24,74.4,52.0,65.1,102.8 
14:38:34,73.0,0.0,63.0,102.1 
14:38:44,77.0,54.1,67.9,106.8 
14:38:54,98.4,71.1,85.1,124.4 
14:39:04,93.1,56.0,78.1,115.2 
14:39:14,85.0,58.6,72.6,116.6 
14:39:24,83.9,62.2,74.6,110.9 
14:39:34,81.8,57.9,73.3,105.4 
14:39:44,80.8,65.1,72.3,107.8 
14:39:54,82.7,60.7,69.8,98.8 
14:40:04,89.1,53.3,75.2,101.6 
14:40:14,69.9,50.3,61.6,100.3 
14:40:24,84.6,51.8,76.5,113.5 
14:40:34,87.1,63.4,75.7,115.2 
14:40:44,84.0,68.4,75.8,111.5 
14:40:54,73.5,60.7,65.0,99.1 
14:41:04,71.0,50.9,63.0,98.1 
14:41:14,77.4,51.4,66.5,91.4 
14:41:24,81.2,59.1,72.4,100.2 
14:41:34,80.4,58.3,71.5,97.1 
14:41:44,63.4,56.2,58.9,94.7 
14:41:54,73.4,58.4,67.1,94.9 
14:42:04,72.7,60.7,68.0,92.5 
14:42:14,80.4,66.5,74.4,102.1 
14:42:24,79.7,61.9,75.0,108.2 
14:42:34,85.6,64.5,75.7,113.5 
14:42:44,79.3,63.6,71.2,106.2 
14:42:54,80.8,63.8,74.7,107.6 
14:43:04,76.7,53.3,69.7,96.5 
14:43:14,73.6,55.6,64.9,96.0 
14:43:24,72.0,63.0,67.9,99.6 
14:43:34,69.0,60.6,65.5,98.0 
14:43:44,72.1,62.2,66.9,101.6 
14:43:54,77.9,65.4,71.3,103.8 
14:44:04,72.1,58.3,66.4,98.5 
14:44:14,79.1,55.2,70.3,98.3 
14:44:24,108.6,60.8,90.5,125.7 
14:44:34,79.7,62.5,72.3,99.9 
14:44:44,70.6,59.3,64.6,98.6 
14:44:54,83.6,59.1,71.4,103.8 
14:45:04,91.9,63.9,82.1,107.9 
14:45:14,80.0,66.0,71.6,103.9 
14:45:24,70.3,55.3,62.4,91.7 
14:45:34,70.4,62.8,66.3,91.5 
14:45:44,72.0,63.9,66.8,96.4 
14:45:54,80.6,59.8,72.6,108.7 
14:46:04,80.1,62.3,70.7,109.4 
14:46:14,89.0,67.5,80.3,117.0 
14:46:24,86.8,69.7,81.9,112.6 
14:46:34,90.0,75.9,85.2,119.1 
14:46:44,82.7,61.8,76.5,109.6 
14:46:54,77.3,60.6,72.4,103.6 
14:47:04,75.6,59.8,68.7,104.3 
14:47:14,83.4,61.8,76.4,109.5 
14:47:24,84.7,72.8,78.4,113.7 
14:47:34,83.8,60.4,76.0,108.3 
14:47:44,79.7,60.9,73.9,108.0 
14:47:54,83.3,67.1,76.1,110.6 
14:48:04,83.8,64.7,77.1,109.5 
14:48:14,85.7,69.9,78.0,114.6 
14:48:24,87.7,62.0,78.5,114.3 
14:48:34,84.4,64.6,77.5,110.9 
14:48:44,83.5,65.6,78.3,110.7 
14:48:54,88.9,70.9,82.6,113.0 
14:49:04,84.9,60.6,77.4,113.0 
14:49:14,68.2,59.1,64.4,97.5 
14:49:24,85.0,63.2,74.3,113.8 
14:49:34,80.0,62.2,74.2,106.9 
14:49:44,84.6,66.1,76.0,113.1 
14:49:54,88.2,66.2,77.8,113.5 
14:50:04,78.4,63.4,71.5,106.6 
14:50:14,82.0,57.8,69.4,103.0 
14:50:24,83.9,68.3,76.2,110.9 
14:50:34,87.2,65.6,79.6,115.5 
14:50:44,83.2,70.8,78.4,110.6 
14:50:54,87.2,68.6,79.6,112.5 
14:51:04,81.2,64.9,72.9,109.6 
14:51:14,81.1,67.6,75.1,108.0 
14:51:24,78.8,65.6,74.3,107.7 
14:51:34,81.3,65.9,74.0,107.7 
14:51:44,83.7,70.6,78.3,109.4 
14:51:54,87.8,72.6,81.2,115.0 
14:52:04,94.6,68.2,86.7,121.5 
14:52:14,92.7,74.3,85.8,116.4 
14:52:24,87.8,64.9,81.0,115.1 
14:52:34,91.1,71.1,83.8,114.9 
14:52:44,95.8,83.3,91.4,120.2 
14:52:54,91.3,68.6,85.5,120.3 
14:53:04,89.3,70.7,82.8,117.1 
14:53:14,92.2,71.8,82.8,116.1 
14:53:24,82.9,69.4,76.1,110.6 
14:53:34,80.1,68.7,73.9,109.1 
14:53:44,85.6,70.8,78.9,106.3 
14:53:54,81.4,73.6,77.9,101.0 
14:54:04,85.7,68.6,76.9,108.3 
14:54:14,79.9,63.2,73.1,106.3 
14:54:24,84.9,65.6,76.6,110.9 
14:54:34,77.0,64.3,69.0,103.6 
14:54:44,78.4,58.2,69.9,106.6 
14:54:54,74.6,57.5,65.7,103.1 
14:55:04,81.2,65.2,73.9,107.7 
14:55:14,66.2,60.5,63.7,93.2 
14:55:24,77.9,61.8,70.9,106.2 
14:55:34,79.7,63.5,73.2,109.9 
14:55:44,78.8,56.9,68.6,108.0 
14:55:54,75.6,60.1,69.8,103.0 
14:56:04,81.7,63.8,74.6,109.9 
14:56:14,78.2,60.9,70.1,103.7 
14:56:24,84.6,59.5,76.4,101.1 
14:56:34,81.3,64.1,72.9,108.2 
14:56:44,84.3,64.7,77.1,112.4 
14:56:54,87.1,62.4,80.2,113.1 
14:57:04,88.9,68.5,81.3,114.7 
14:57:14,86.2,52.7,77.6,112.7 
14:57:24,82.4,61.1,73.9,108.8 
14:57:34,77.9,53.9,65.8,109.5 
14:57:44,76.1,54.2,69.5,95.6 
14:57:54,84.1,60.5,75.9,111.5 
14:58:04,88.0,64.0,82.7,116.3 
14:58:14,85.2,64.6,80.4,113.4 
14:58:24,77.7,53.4,68.7,105.1 
14:58:34,80.7,59.7,75.2,110.4 
14:58:44,77.3,60.2,70.8,107.5 
14:58:54,76.9,60.4,70.9,104.3 
14:59:04,81.4,62.8,75.7,110.8 
14:59:14,75.2,51.5,68.6,103.2 
14:59:24,82.1,62.2,76.3,110.4 
14:59:34,80.1,71.4,75.8,110.0 
14:59:44,76.2,59.8,69.5,104.8 
14:59:54,80.6,67.7,75.0,111.7 
15:00:04,80.8,64.1,75.7,110.0 
15:00:14,83.3,70.1,78.2,111.0 
15:00:24,83.5,71.2,77.1,108.6 
15:00:34,93.7,74.4,86.7,120.9 
15:00:44,86.2,71.8,80.7,114.7 
15:00:54,83.2,65.2,76.3,113.7 
15:01:04,83.7,67.2,76.1,109.1 
15:01:14,75.9,60.7,70.1,104.6 
15:01:24,81.4,66.8,74.6,111.7 
15:01:34,83.4,56.3,72.7,108.9 
15:01:44,70.1,54.6,60.5,91.3 
15:01:54,70.6,57.3,63.0,90.3 
15:02:04,75.6,57.0,64.5,86.9 
15:02:14,71.7,56.9,65.3,96.7 
15:02:24,70.5,53.9,59.5,95.5 
15:02:34,69.4,55.9,63.4,100.4 
15:02:44,69.5,58.8,64.8,91.3 
15:02:54,74.7,63.9,69.8,90.8 
15:03:04,76.6,66.7,71.5,91.3 
15:03:14,72.4,60.5,66.8,92.9 
15:03:24,72.2,59.0,66.6,92.4 
15:03:34,77.4,60.8,71.9,103.9 
15:03:44,76.9,54.5,69.9,109.1 
15:03:54,80.3,65.0,74.8,110.4 
15:04:04,81.7,70.4,76.9,110.2 
15:04:14,84.5,76.0,80.4,112.7 
15:04:24,82.0,66.3,76.8,113.7 
15:04:34,79.4,54.4,73.6,109.3 
15:04:44,79.2,58.5,71.3,105.7 
15:04:54,80.6,65.9,73.6,106.7 
15:05:04,75.3,60.6,71.0,107.4 
15:05:14,80.9,64.7,76.2,109.6 
15:05:24,67.8,51.2,60.4,96.3 
15:05:34,77.6,57.9,69.9,105.4 
15:05:44,80.2,65.5,71.4,106.1 
15:05:54,84.9,57.1,75.7,111.3 
15:06:04,78.6,0.0,70.1,106.8 
15:06:14,77.7,58.0,70.2,107.1 
15:06:24,80.6,69.7,77.0,108.7 
15:06:34,80.6,68.3,74.8,107.4 
15:06:44,82.7,71.1,77.6,109.2 
15:06:54,80.6,55.0,72.8,110.1 
15:07:04,77.8,60.1,70.5,107.7 
15:07:14,77.1,61.6,71.7,105.8 
15:07:24,79.4,62.0,73.4,105.2 
15:07:34,72.7,51.6,64.0,101.3 
15:07:44,76.9,55.9,63.2,103.9 
15:07:54,63.0,53.2,59.5,92.1 
15:08:04,72.9,62.2,67.3,97.3 
15:08:14,68.2,53.5,61.9,101.0 
15:08:24,84.6,54.5,75.6,110.2 
15:08:34,80.8,58.8,72.0,106.3 
15:08:44,76.3,64.8,70.6,104.2 
15:08:54,73.3,60.1,67.1,97.5 
15:09:04,73.9,64.6,67.8,95.2 
15:09:14,70.0,63.7,67.0,91.7 
15:09:24,73.6,62.4,69.1,96.4 
15:09:34,81.1,62.4,74.1,107.8 
15:09:44,89.8,70.0,83.9,115.9 
15:09:54,88.2,77.4,84.3,114.6 
15:10:04,90.5,77.5,84.1,114.4 
15:10:14,89.8,77.6,84.6,117.7 
15:10:24,92.7,79.8,87.3,118.0 
15:10:34,89.9,65.7,82.9,115.1 
15:10:44,71.5,61.4,66.2,91.9 
15:10:54,80.8,62.8,73.3,107.7 
15:11:04,85.9,73.4,80.8,112.7 
15:11:14,85.9,69.1,80.5,112.4 
15:11:24,90.5,70.8,81.5,115.2 
15:11:34,81.9,61.4,73.2,107.4 
15:11:44,89.1,74.6,83.4,115.9 
15:11:54,83.8,55.4,71.9,110.6 
15:12:04,74.3,52.3,62.6,101.6 
15:12:14,76.6,55.4,65.3,108.0 
15:12:24,64.3,54.7,58.8,94.1 
15:12:34,86.1,0.0,71.6,110.8 
15:12:44,62.9,0.0,49.9,0.0 
15:12:54,64.4,0.0,0.0,0.0 
15:13:04,56.5,0.0,0.0,0.0 
15:13:14,60.9,0.0,49.9,83.4 
15:13:24,71.0,0.0,56.0,89.2 
15:13:34,61.3,0.0,0.0,85.9 
15:13:44,61.3,0.0,0.0,85.0 
15:13:54,0.0,0.0,0.0,0.0 
15:14:04,63.3,0.0,0.0,91.0 
15:14:14,72.7,0.0,57.6,85.0 
15:14:24,70.3,0.0,60.1,84.5 
15:14:34,72.4,0.0,59.8,85.9 
15:14:44,71.4,0.0,56.2,85.0 
15:14:54,63.0,0.0,52.2,0.0 
15:15:04,67.4,0.0,54.8,0.0 
15:15:14,59.8,0.0,0.0,0.0 
15:15:24,67.5,0.0,55.4,91.0 
15:15:34,97.2,52.1,80.8,112.3 
15:15:44,74.7,0.0,61.9,98.6 
15:15:54,66.7,0.0,54.9,90.8 
15:16:04,69.9,0.0,58.4,88.6 
15:16:14,84.1,0.0,69.1,106.3 
15:16:24,72.9,0.0,62.4,96.2 
15:16:34,67.8,0.0,56.9,99.4 
15:16:44,64.7,0.0,52.0,92.4 
15:16:54,64.6,0.0,50.1,0.0 
15:17:04,67.7,0.0,57.5,0.0 
15:17:14,63.8,0.0,54.1,84.1 
15:17:24,64.5,0.0,55.1,0.0 
15:17:34,84.1,0.0,66.9,111.8 
15:17:44,73.8,0.0,63.3,90.3 
15:17:54,67.6,0.0,56.0,91.8 
15:18:04,55.4,0.0,0.0,0.0 
15:18:14,49.1,0.0,0.0,0.0 
15:18:24,49.4,0.0,0.0,0.0 
15:18:34,50.1,0.0,0.0,0.0 
15:18:44,49.5,0.0,0.0,0.0 
15:18:54,49.4,0.0,0.0,0.0 
15:19:04,49.2,0.0,0.0,0.0 
15:19:14,50.0,0.0,0.0,0.0 
15:19:24,49.3,0.0,0.0,0.0 
15:19:34,55.7,0.0,0.0,0.0 
15:19:44,50.5,0.0,0.0,0.0 
15:19:54,49.9,0.0,0.0,0.0 
15:20:04,0.0,0.0,0.0,0.0 
15:20:14,54.0,0.0,0.0,0.0 
15:20:24,53.6,0.0,0.0,0.0 
15:20:34,49.9,0.0,0.0,0.0 
15:20:44,61.0,0.0,52.1,0.0 
15:20:54,55.7,0.0,49.7,0.0 
15:21:04,57.1,0.0,0.0,0.0 
15:21:14,49.6,0.0,0.0,0.0 
15:21:24,49.7,0.0,0.0,0.0 
15:21:34,53.4,0.0,0.0,0.0 
15:21:44,51.1,0.0,0.0,0.0 
15:21:54,56.8,0.0,49.7,0.0 
15:22:04,49.0,0.0,0.0,0.0 
15:22:14,50.8,0.0,0.0,0.0 
15:22:24,58.5,0.0,0.0,0.0 
15:22:34,59.7,0.0,50.2,0.0 
15:22:44,50.5,0.0,0.0,0.0 
15:22:54,55.0,0.0,49.8,0.0 
15:23:04,59.3,0.0,49.7,0.0 
15:23:14,51.9,0.0,0.0,0.0 
15:23:24,51.4,0.0,0.0,0.0 
15:23:34,50.6,0.0,0.0,0.0 
15:23:44,49.6,0.0,0.0,0.0 
15:23:54,53.4,0.0,0.0,0.0 
15:24:04,53.6,0.0,0.0,0.0 
15:24:14,53.0,0.0,0.0,0.0 
15:24:24,57.1,0.0,0.0,0.0 
15:24:34,58.1,0.0,50.1,0.0 
15:24:44,54.0,0.0,0.0,0.0 
15:24:54,49.5,0.0,0.0,0.0 
15:25:04,59.2,0.0,0.0,0.0 
15:25:14,49.2,0.0,0.0,0.0 
15:25:24,49.2,0.0,0.0,0.0 
15:25:34,49.0,0.0,0.0,0.0 
15:25:44,49.7,0.0,0.0,0.0 
15:25:54,49.5,0.0,0.0,0.0 
15:26:04,49.0,0.0,0.0,0.0 
15:26:14,0.0,0.0,0.0,0.0 
15:26:24,49.5,0.0,0.0,0.0 
15:26:34,53.9,0.0,0.0,0.0 
15:26:44,53.0,0.0,0.0,0.0 
15:26:54,50.0,0.0,0.0,0.0 
15:27:04,51.7,0.0,0.0,0.0 
15:27:14,50.1,0.0,0.0,0.0 
15:27:24,50.7,0.0,0.0,0.0 
15:27:34,51.2,0.0,0.0,0.0 
15:27:44,50.1,0.0,0.0,0.0 
15:27:54,54.5,0.0,0.0,0.0 
15:28:04,49.6,0.0,0.0,0.0 
15:28:14,0.0,0.0,0.0,0.0 
15:28:24,0.0,0.0,0.0,0.0 
15:28:34,64.8,0.0,54.8,0.0 
15:28:44,49.1,0.0,0.0,0.0 
15:28:54,54.5,0.0,0.0,0.0 
15:29:04,0.0,0.0,0.0,0.0 
15:29:14,49.3,0.0,0.0,0.0 
15:29:24,0.0,0.0,0.0,0.0 
15:29:34,58.0,0.0,0.0,0.0 
15:29:44,50.5,0.0,0.0,0.0 
15:29:54,50.8,0.0,0.0,0.0 
15:30:04,51.7,0.0,0.0,0.0 
15:30:14,56.2,0.0,49.8,0.0 
15:30:24,51.4,0.0,0.0,0.0 
15:30:34,63.0,0.0,51.2,0.0 
15:30:44,54.4,0.0,0.0,0.0 
15:30:54,54.7,0.0,49.8,0.0 
15:31:04,58.3,0.0,50.9,0.0 
15:31:14,57.8,0.0,0.0,0.0 
15:31:24,53.5,0.0,0.0,0.0 
15:31:34,49.0,0.0,0.0,0.0 
15:31:44,0.0,0.0,0.0,0.0 
15:31:54,0.0,0.0,0.0,0.0 
15:32:04,0.0,0.0,0.0,0.0 
15:32:14,0.0,0.0,0.0,0.0 
15:32:24,50.6,0.0,0.0,0.0 
15:32:34,61.8,0.0,51.9,0.0 
15:32:44,56.8,0.0,49.9,0.0 
15:32:54,51.2,0.0,0.0,0.0 
15:33:04,52.7,0.0,0.0,0.0 
15:33:14,53.5,0.0,0.0,0.0 
15:33:24,53.3,0.0,0.0,0.0 
15:33:34,57.2,0.0,50.1,0.0 
15:33:44,49.6,0.0,0.0,0.0 
15:33:54,55.0,0.0,0.0,0.0 
15:34:04,51.7,0.0,0.0,0.0 
15:34:14,49.4,0.0,0.0,0.0 
15:34:24,53.2,0.0,0.0,0.0 
15:34:34,49.1,0.0,0.0,0.0 
15:34:44,49.4,0.0,0.0,0.0 
15:34:54,49.5,0.0,0.0,0.0 
15:35:04,56.5,0.0,50.6,0.0 
15:35:14,61.0,0.0,51.9,0.0 
15:35:24,52.3,0.0,0.0,0.0 
15:35:34,50.7,0.0,0.0,0.0 
15:35:44,58.3,0.0,52.5,0.0 
15:35:54,55.7,52.2,53.7,0.0 
15:36:04,55.2,51.4,53.5,0.0 
15:36:14,55.6,51.6,53.3,0.0 
15:36:24,60.0,52.3,54.1,0.0 
15:36:34,60.4,52.8,55.2,0.0 
15:36:44,54.9,52.3,53.7,0.0 
15:36:54,59.8,52.0,54.4,0.0 
15:37:04,59.8,52.7,54.7,0.0 
15:37:14,55.0,52.3,53.8,0.0 
15:37:24,56.8,52.2,54.3,0.0 
15:37:34,62.2,52.5,55.5,0.0 
15:37:44,55.2,52.5,53.9,0.0 
15:37:54,62.0,52.6,54.5,0.0 
15:38:04,75.2,52.6,64.8,89.9 
15:38:14,77.2,52.6,64.8,91.6 
15:38:24,71.8,52.9,58.1,93.5 
15:38:34,60.5,52.3,54.7,84.1 
15:38:44,55.3,52.7,54.0,0.0 
15:38:54,64.0,52.6,55.5,84.6 
15:39:04,58.7,52.7,55.0,0.0 
15:39:14,65.9,52.4,55.2,89.9 
15:39:24,62.5,53.1,55.4,86.5 
15:39:34,65.5,52.3,56.6,94.2 
15:39:44,55.1,52.0,53.6,0.0 
15:39:54,68.2,52.7,57.8,93.1 
15:40:04,67.3,52.3,55.3,90.1 
15:40:14,59.5,53.5,55.6,0.0 
15:40:24,59.4,54.3,55.8,0.0 
15:40:34,58.2,53.8,55.6,0.0 
15:40:44,58.3,53.7,55.2,0.0 
15:40:54,70.1,54.4,59.0,95.0 
15:41:04,69.1,53.9,58.1,91.2 
15:41:14,61.0,54.3,56.0,0.0 
15:41:24,65.4,54.6,56.5,93.8 
15:41:34,71.7,54.7,59.8,94.0 
15:41:44,66.1,54.9,57.0,86.5 
15:41:54,58.8,54.3,55.8,0.0 
15:42:04,60.9,55.3,56.2,88.7 
15:42:14,57.2,54.8,56.1,0.0 
15:42:24,57.3,51.9,53.0,0.0 
15:42:34,61.1,50.4,52.6,0.0 
15:42:44,61.2,50.1,51.3,0.0 
15:42:54,54.2,50.3,51.4,0.0 
15:43:04,57.1,50.3,51.4,0.0 
15:43:14,51.5,50.2,50.9,0.0 
15:43:24,55.4,50.4,51.9,0.0 
15:43:34,56.6,50.5,52.0,0.0 
15:43:44,57.8,50.1,51.7,0.0 
15:43:54,54.4,50.3,51.2,0.0 
15:44:04,51.6,50.2,50.8,0.0 
15:44:14,51.8,50.1,51.0,0.0 
15:44:24,53.2,50.4,51.6,0.0 
15:44:34,59.9,50.0,51.6,0.0 
15:44:44,51.6,50.1,50.8,0.0 
15:44:54,51.5,49.9,50.8,0.0 
15:45:04,51.9,50.3,51.0,0.0 
15:45:14,52.5,50.0,50.7,0.0 
15:45:24,52.8,50.2,51.0,0.0 
15:45:34,51.9,50.2,51.0,0.0 
15:45:44,52.3,50.0,50.9,0.0 
15:45:54,56.2,50.2,51.5,0.0 
15:46:04,51.5,50.0,50.8,0.0 
15:46:14,51.7,49.5,50.6,0.0 
15:46:24,51.8,49.8,50.6,0.0 
15:46:34,51.9,49.9,50.8,0.0 
15:46:44,57.9,49.7,51.5,0.0 
15:46:54,52.7,49.8,50.7,0.0 
15:47:04,52.1,49.9,50.7,0.0 
15:47:14,51.7,50.0,50.9,0.0 
15:47:24,51.6,50.1,50.9,0.0 
15:47:34,52.4,49.9,50.7,0.0 
15:47:44,51.9,50.1,50.8,0.0 
15:47:54,52.0,50.1,50.9,0.0 
15:48:04,51.8,49.9,50.9,0.0 
15:48:14,54.1,50.3,51.3,0.0 
15:48:24,55.7,50.1,51.5,0.0 
15:48:34,61.5,50.5,52.7,87.7 
15:48:44,61.7,50.0,53.1,0.0 
15:48:54,87.6,49.8,72.1,104.6 
15:49:04,104.0,55.8,85.4,126.3 
15:49:14,78.4,0.0,62.8,104.0 











































































































































































































































































































































































































































































































































































































































































































































































































































































































































































































































































































































































































































































































































































































































































































































































































































































































































































































































































































































































































































































































































































































































































































































































































































































































































































































































































































































































































































































































































































































































































































































































































































































































































































































































































































































































































































































































































































































































































































































































































































